fold,r2,rmse
1,0.9061745938509597,0.0002791797221424942
2,0.773917238413314,0.00017689202900828275
3,0.9943967388786273,7.007815578829241e-05
4,0.9507608080589193,6.950692437717007e-05
5,0.99290162552614,9.65890765081439e-05
